id,name,created_at,updated_at,created_by_id,updated_by_id,date_filed,filed_by,description,case_number,filename
1,Petition for Original Jurisdiction,1642019870265,1642019870265,1,1,03/17/2021,plaintiffs,Initial filing asking the court to declare SB 140 unconstitutional,OP-21-0125,2021-03-17-petition-for-original-jurisdiction.pdf
2,Substitution Order,1642019870265,1642019870265,1,1,03/24/2021,the court,Replaces recused Chief Justice Mike McGrath with District Court Judge Kurt Krueger,OP-21-0125,2021-03-24-substitution-order.pdf
3,Emergency Motion to Disqualify Judge Kurt Krueger,1642019870265,1642019870265,1,1,04/01/2021,defendants,"Asks for Krueger's recusal, citing Krueger's opposition to SB 140 in an internal judicial branch poll. Also requests a stay of the proceedings ""until such time as the Court can seat an impartial and independent judicial panel to decide this case""",OP-21-0125,2021-04-01-emergency-disqualification-motion.pdf
4,Recusal Notice,1642019870265,1642019870265,1,1,04/02/2021,District Court Judge Kurt Krueger,,OP-21-0125,2021-04-02-recusal-notice.pdf
5,Petitioner's Response,1642019870265,1642019870265,1,1,04/02/2021,plaintiffs,Opposes a stay of the proceedings,OP-21-0125,2021-04-02-emergency-motion-response.pdf
6,Order RE Disqualifications,1642019870265,1642019870265,1,1,04/07/2021,the court,"Declines to stay the proceedings, saying no Supreme Court justices participated in the poll",OP-21-0125,2021-04-07-order-re-disqualifications.pdf
7,Emergency Motion to Quash Subpoena,1642019870265,1642019870265,1,1,4/11/2021,Court Administrator Beth McLaughlin,Request to block legislative subpoena for judicial emails,OP-21-0125,2021-04-11-emergency-order-to-quash-subpoena.pdf
8,Temporary Order Quashing Subpoenas,1642019870265,1642019870265,1,1,04/11/2021,the court,Temporarily quashes legislative subpoena pending further legal argument,OP-21-0125,2021-04-11-order-quashing-subpoena.pdf
9,Motion to Strike,1642019870265,1642019870265,1,1,04/12/2021,defendants,Asks court to throw out Court Administrator McLaughlin's motions,OP-21-0125,2021-04-12-motion-to-strike.pdf
10,Amicus Brief from Mountain States Legal Foundation,1642019870265,1642019870265,1,1,04/14/2021,a third party,Third-party legal arguments on SB 140's constitutionality,OP-21-0125,2021-04-14-amicus-brief-mountain-states-legal-foundation.pdf
11,Amicus Brief from Montana Trial Lawyers Association and Montana Defense Trial Lawyers,1642019870265,1642019870265,1,1,04/14/2021,a third party,Third-party legal arguments on SB 140's constitutionality,OP-21-0125,2021-04-14-amicus-brief-trial-lawyers.pdf
12,Response to Petition for Original Jurisdiction,1642019870265,1642019870265,1,1,04/14/2021,defendants,Response to legal arguments raised in initial petition,OP-21-0125,2021-04-14-gianforte-response.pdf
13,Emergency Motion to Quash Revised Legislative Subpoena,1642019870265,1642019870265,1,1,04/15/2021,Court Administrator Beth McLaughlin,Asks court to throw out revised legislative subpoena,OP-21-0125,2021-04-15-emergency-motion-to-quash-revised-subpoena.pdf
14,Updated Motion to Strike,1642019870265,1642019870265,1,1,04/16/2021,defendants,Asks court to throw out the motion to quash the revised legislative subpoena,OP-21-0125,2021-04-16-amended-motion-to-strike.pdf
15,Order Quashing Subpoena,1642019870265,1642019870265,1,1,04/16/2021,the court,Temporarily quashes legislative subpoena pending further legal argument,OP-21-0125,2021-04-16-order-quashing-subpoena.pdf
16,Response in Opposition to Second Emergency Motion to Quash,1642019870265,1642019870265,1,1,04/16/2021,Montana Legislature,,OP-21-0125,2021-04-16-response-to-emergency-motion-to-quash-subpoena.pdf
17,Notice to Court,1642019870265,1642019870265,1,1,04/23/2021,defendants,,OP-21-0125,2021-04-23-amended-notice.pdf
18,Petitioners' Motion to Amend Petition,1642019870265,1642019870265,1,1,05/05/2021,plaintiffs,Attempts to add a challenge to the constitutionality of SB 402 to the case,OP-21-0125,2021-05-05-motion-to-amend-petition.pdf
19,Order Denying Amended Petition,1642019870265,1642019870265,1,1,05/06/2021,the court,Denies attempt to add challenge to SB 402 to the case,OP-21-0125,2021-05-06-order-denying-amended-petition.pdf
20,Petitioners' Reply Brief,1642019870265,1642019870265,1,1,05/10/2021,plaintiffs,Legal arguments against SB 140,OP-21-0125,2021-05-10-reply-brief.pdf
21,Opinion,1642019870265,1642019870265,1,1,06/10/2021,the court,"The Supreme Court’s official 6-1 ruling that SB 140 is constitutional, upholding the law against plaintiffs’ legal challenge",OP-21-0125,2021-06-10-opinion.pdf
22,Opinion Synopsis,1642019870265,1642019870265,1,1,06/10/2021,the court,Brief summary of the Court’s ruling,OP-21-0125,2021-06-10-opinion-synopsis.pdf
23,Petition for Original Jurisdiction,1642019870265,1642019870265,1,1,05/20/2021,plaintiffs,Asks the Montana Supreme Court to take up the case,OP-21-0246,2021-05-20-petition-for-original-jurisdiction.pdf
24,Order to Dismiss,1642019870265,1642019870265,1,1,05/26/2021,the court,"Dismisses the case, saying a lower court is the appropriate venue",OP-21-0246,2021-05-26-order-to-dismiss.pdf
25,Petition for Original Jurisdiction,1642019870265,1642019870265,1,1,05/20/2021,plaintiffs,Asks the Montana Supreme Court to take up the case,OP-21-0247,2021-05-20-petition-for-original-jurisdiction.pdf
26,Order to Dismiss,1642019870265,1642019870265,1,1,05/26/2021,the court,"Dismisses the case, saying a lower court is the appropriate venue",OP-21-0247,2021-05-26-order-to-dismiss.pdf
27,Petition for Writ of Supervisory Control,1642019870265,1642019870265,1,1,07/09/2021,plaintiffs,Asks the Montana Supreme Court to take over the case,OP-21-0334,2021-07-09-petition-for-writ-of-supervisory-control.pdf
28,Order to Dismiss,1642019870265,1642019870265,1,1,07/20/2021,the court,Declines to take over the case and dismisses this proceeding,OP-21-0334,2021-07-20-order.pdf
29,Notice of Appeal,1642019870265,1642019870265,1,1,08/04/2021,plaintiffs,,OP-21-0382,2021-08-04-notice-of-appeal.pdf
30,Appeal Brief,1642019870265,1642019870265,1,1,09/10/2021,plaintiffs,,OP-21-0382,2021-09-10-appeal-brief.pdf
31,Answer Brief,1642019870265,1642019870265,1,1,09/21/2021,underlying case plaintiffs,,OP-21-0382,2021-09-21-appellee-response.pdf
32,Appellant Reply Brief,1642019870265,1642019870265,1,1,09/21/2021,plaintiffs,,OP-21-0382,2021-10-19-appeal-reply-brief.pdf
33,Opinion,1642019870265,1642019870265,1,1,11/03/2021,the court,,OP-21-0382,2021-11-03-opinion.pdf
34,Petition for Writ of Supervisory Control,1642019870265,1642019870265,1,1,08/03/2021,plaintiffs,,OP-21-0377,2021-08-03-petition.pdf
35,Order,1642019870265,1642019870265,1,1,08/09/2021,the Court,Accepts the appeal and requests responses from other parties in the underlying case,OP-21-0377,2021-08-09-order.pdf
36,Response,1642019870265,1642019870265,1,1,09/08/2021,Montana Attorney General,Urges the state supreme court to grant the shooting sports association’s request to intervene in the district court lawsuit,OP-21-0377,2021-09-08-state-response.pdf
37,Response,1642019870265,1642019870265,1,1,09/08/2021,Montana Board of Regents,Urges the state supreme court to deny the shooting sports association’s appeal,OP-21-0377,2021-09-08-regents-response.pdf
38,Dismissal Order,1642019870265,1642019870265,1,1,09/29/2021,the court,Denies the appeal,OP-21-0377,2021-09-29-dismissal-order.pdf
39,Petition for Writ of Supervisory Control,1642019870265,1642019870265,1,1,09/30/2021,plaintiffs,Asks the Montana Supreme Court to take up the case,OP-21-0494,2021-09-30-petititon-for-supervisory-control.pdf
40,Response Objecting to Petition for Writ of Supervisory Control,1642019870265,1642019870265,1,1,09/30/2021,defendants,,OP-21-0494,2021-09-30-response.pdf
41,Notice of Order,1642019870265,1642019870265,1,1,09/30/2021,defendants,,OP-21-0494,2021-09-30-notice-of-order.pdf
42,Dismissal Order,1642019870265,1642019870265,1,1,09/30/2021,the court,"Dismisses the appeal, noting a new lower-court judge has assumed the case",OP-21-0494,2021-09-29-dismissal-order.pdf
43,Notice of Appeal,1642019870265,1642019870265,1,1,10/19/2021,plaintiffs,Asks the Montana Supreme Court to take up the case,DA-21-0521,2021-10-19-notice-of-appeal.pdf
44,Notice of Appeal,1642019870265,1642019870265,1,1,11/30/2021,plaintiffs,Asks the Montana Supreme Court to take up the case,DA-21-0605,2021-11-30-notice-of-appeal.pdf
45,Petition for Declaratory Relief,1642019870265,1642019870265,1,1,05/27/2021,plaintiffs,Initial filing that initiate the lawsuit,1-DV-21-0598,2021-05-27-petition-for-declaratory-relief.pdf
46,Brief in Support of Temporary Restraining Order,1642019870265,1642019870265,1,1,5/27/2021,plaintiffs,Argues for temporarily keeping the constitutional carry on campuses law from taking effect while the court decides whether to to delay for the full period it take to resolve the lawsuit,1-DV-21-0598,2021-05-27-brief-for-temporary-restraining-order.pdf
47,Temporary Restraining Order,1642019870265,1642019870265,1,1,5/27/2021,the court,Temporarily blocks the law,1-DV-21-0598,2021-05-27-temporary-restraining-order.pdf
48,Brief in Opposition to Preliminary Injunction,1642019870265,1642019870265,1,1,06/04/2021,defendant,Argues against delaying the law for the full duration of litigation,1-DV-21-0598,2021-06-04-brief-against-preliminary-injunction.pdf
49,Motion to Intervene,1642019870265,1642019870265,1,1,06/07/2021,third-party David Diacon,Notice of a Montana citizen seeking to intervene in the case,1-DV-21-0598,2021-06-07-motion-to-intervene.pdf
50,Petition of Intervenor,1642019870265,1642019870265,1,1,06/07/2021,third-party David Diacon,Argument for allowing third-party citizen to intervene,1-DV-21-0598,2021-06-07-petition-of-intervenor.pdf
51,Brief in Support of Motion to Intervene,1642019870265,1642019870265,1,1,06/07/2021,third-party David Diacon,More argument for allowing third-party citizen to intervene,1-DV-21-0598,2021-06-07-brief-for-motion-to-intervene.pdf
52,Brief in Opposition to Preliminary Injunction,1642019870265,1642019870265,1,1,06/07/2021,defendant,Argues against extending the temporary restraining order to a preliminary injunction,1-DV-21-0598,2021-06-07-brief-opposition-preliminary-injunction.pdf
53,Reply Brief in Support of Preliminary Injunction,1642019870265,1642019870265,1,1,06/07/2021,plaintiffs,,1-DV-21-0598,2021-06-07-reply-brief-supporting-preliminary-injunction.pdf
54,Order Converting Temporary Restraining Order to Preliminary Injunction,1642019870265,1642019870265,1,1,06/07/2021,the court,Extends the order keeping the campus carry law from taking effect while litigation proceeds,1-DV-21-0598,2021-06-07-order-preliminary-injunction.pdf
55,Motion to Intervene,1642019870265,1642019870265,1,1,06/08/2021,third-party Montana Shooting Sports Association,,1-DV-21-0598,2021-06-08-motion-to-intervene.pdf
56,Brief in Support of Motion to Intervene,1642019870265,1642019870265,1,1,06/08/2021,third-party Montana Shooting Sports Association,,1-DV-21-0598,2021-06-08-brief-for-motion-to-intervene.pdf
57,Response to Motions to Intervene,1642019870265,1642019870265,1,1,06/22/2021,defendant,Supports third-party efforts intervene in case,1-DV-21-0598,2021-06-22-response-to-motion-to-intervene.pdf
58,Brief Opposing Motions to Intervene,1642019870265,1642019870265,1,1,06/24/2021,plaintiffs,Opposes third-party efforts intervene in the case,1-DV-21-0598,2021-06-24-brief-opposing-motions-to-intervene.pdf
59,Supplemental Response to Motions to Intervene,1642019870265,1642019870265,1,1,06/30/2021,defendant,,1-DV-21-0598,2021-06-30-supplemental-response-to-motion-to-intervene.pdf
60,Reply Brief to Brief Opposing Motions to Intervene,1642019870265,1642019870265,1,1,07/02/2021,third-party David Diacon,,1-DV-21-0598,2021-07-02-reply-brief-re-motions-to-intervene.pdf
61,Answer,1642019870265,1642019870265,1,1,07/08/2021,defendants,Legal arguments defending the law,1-DV-21-0598,2021-07-08-answer.pdf
62,Reply Brief Supporting Motion to Intervene,1642019870265,1642019870265,1,1,07/15/2021,third-party Montana Shooting Sports Association,,1-DV-21-0598,2021-07-15-reply-brief-for-motion-to-intervene.pdf
63,Order Denying Intervention Motions,1642019870265,1642019870265,1,1,07/16/2021,the court,Rules Diacon and the Montana Shooting Sports Association don’t need to be involved in the case as formal intervenors,1-DV-21-0598,2021-07-16-order-denying-intervention-motions.pdf
64,Motion for Rule 60 Relief,1642019870265,1642019870265,1,1,8/20/2021,defendants,Asks the court to reconsider portions of its July 16 order,1-DV-21-0598,2021-08-20-motion-for-rule-60-relief.pdf
65,Brief Supporting Motion for Rule 60 Relief,1642019870265,1642019870265,1,1,08/20/2021,defendants,,1-DV-21-0598,2021-08-20-brief-for-motion-for-rule-60-relief.pdf
66,Response to Rule 60 Motion,1642019870265,1642019870265,1,1,09/07/2021,plaintiffs,,1-DV-21-0598,2021-09-07-response-to-rule-60-motion.pdf
67,Summary Response to Petition for Writ of Supervisory Control,1642019870265,1642019870265,1,1,09/13/2021,plaintiffs,Board of Regents’ response to the Montana Shooting Sports Association’s effort to appeal the district court’s denial of its effort to intervene in the case to the Montana Supreme Court in OP-21-0377.,1-DV-21-0598,2021-09-13-response-to-petition-for-writ-of-supervisory-control.pdf
68,Summary Response to Petition for Writ of Supervisory Control,1642019870265,1642019870265,1,1,09/13/2021,plaintiffs,Board of Regents’ response to the Montana Shooting Sports Association’s effort to appeal the district court’s denial of its effort to intervene in the case to the Montana Supreme Court in OP-21-0377.,1-DV-21-0598,2021-09-13-response-to-petition-for-writ-of-supervisory-control.pdf
69,Motion for Summary Judgment,1642019870265,1642019870265,1,1,09/15/2021,defendant,,1-DV-21-0598,2021-09-15-motion-for-summary-judgment.pdf
70,Brief for Motion for Summary Judgment,1642019870265,1642019870265,1,1,09/15/2021,defendant,,1-DV-21-0598,2021-09-15-brief-for-motion-for-summary-judgment.pdf
71,Motion for Leave for Daniels County to Participate as Amicus Curiae,1642019870265,1642019870265,1,1,09/21/2021,third-party Daniels County,Requests permission for Daniels County to submit a ‘friend of the court’ brief,1-DV-21-0598,2021-09-21-motion-for-leave-for-daniels-county-amucus-curiae-participation.pdf
72,Daniels County Amicus Curiae Brief,1642019870265,1642019870265,1,1,09/21/2021,third-party Daniels County,,1-DV-21-0598,2021-09-21-daniels-county-amicus-curiae-brief.pdf
73,David Diacon Amicus Curiae Brief,1642019870265,1642019870265,1,1,09/22/2021,third-party David Diacon,‘Friend of the court’ brief submitted by David Diacon,1-DV-21-0598,2021-09-22-david-diacon-amicus-curiae-brief.pdf
74,Reply in Support of Motion for Rule 60 Relief,1642019870265,1642019870265,1,1,09/24/2021,defendant,,1-DV-21-0598,2021-09-24-reply-supportion-rule-60-motion.pdf
75,Order Denying Petition for Writ of Supervisory Control,1642019870265,1642019870265,1,1,09/29/2021,Montana Supreme Court,Denies effort to appeal over granting the Montana Shooting Sports Association intervenor status,1-DV-21-0598,
76,Order Denying Rule 60 Motion,1642019870265,1642019870265,1,1,09/29/2021,the court,,1-DV-21-0598,2021-09-29-order-on-rule-60-motion.pdf
77,Response Opposing Motion for Leave to File Amicus Curiae,1642019870265,1642019870265,1,1,10/04/2021,plaintiffs,,1-DV-21-0598,2021-09-30-response-opposing-motion-for-allowing-amicus-curiae.pdf
78,Motion for Summary Judgment,1642019870265,1642019870265,1,1,10/15/2021,plaintiffs,,1-DV-21-0598,2021-10-15-motion-for-summary-judgment.pdf
79,Brief for Plaintiffs’ Motion for Summary Judgment,1642019870265,1642019870265,1,1,10/15/2021,plaintiffs,,1-DV-21-0598,2021-10-15-brief-for-motion-for-summary-judgment.pdf
80,Reply Brief Supporting Defendant’s Motion for Summary Judgment,1642019870265,1642019870265,1,1,10/29/2021,defendants,,1-DV-21-0598,2021-10-29-reply-brief-for-state-summary-judgement-motion.pdf
81,Reply Brief Supporting Plaintiffs’ Motion for Summary Judgment,1642019870265,1642019870265,1,1,11/08/2021,plaintiffs,,1-DV-21-0598,2021-11-08-reply-brief-for-plaintiffs-summary-judgement-motion.pdf
82,Order Letting Daniels County Participate as Amicus Curiae,1642019870265,1642019870265,1,1,11/08/2021,the court,,1-DV-21-0598,2021-11-08-order-daniels-county-amicus-curiae.pdf
83,Order for Summary Judgment,1642019870265,1642019870265,1,1,11/30/2021,the court,"Rules in favor of the Board of Regents, finding that provisions of HB 102 are unconstitutional as applied to the state higher ed system and permanently bars the law from being enforced on campuses.",1-DV-21-0598,2021-11-30-order-for-summary-judgment.pdf
84,Notice of Appeal,1642019870265,1642019870265,1,1,11/30/2021,defendants,Indicates Montana Attorney General Austin Knudsen is appealing the summary judgment order to the Montana Supreme Court in case DA-21-0605.,1-DV-21-0598,2021-11-30-notice-of-appeal.pdf
85,Complaint,1642019870265,1642019870265,1,1,06/01/2021,plaintiffs,Initial filing that kicks off the lawsuit,1-DV-21-0611,2021-06-01-complaint.pdf
86,Application for Preliminary Injunction,1642019870265,1642019870265,1,1,06/04/2021,plaintiffs,Asks judge to keep challenged law from taking effect while litigation proceeds,1-DV-21-0611,2021-06-04-application-for-preliminary-injunction.pdf
87,Brief in Support of Application for Preliminary Injunction,1642019870265,1642019870265,1,1,06/04/2021,plaintiffs,Arguments for preliminary injunction,1-DV-21-0611,2021-06-04-brief-for-application-for-preliminary-injunction.pdf
88,Recusal Notice,1642019870265,1642019870265,1,1,06/14/2021,the court,Has Judge Kathy Seeley assume jurisdiction over the case as Judge Michael McMahon recuses himself.,1-DV-21-0611,2021-06-14-judge-assumption.pdf
89,Substitution Motion,1642019870265,1642019870265,1,1,06/14/2021,defendants,Requests a judge other than Seeley be assigned to the case,1-DV-21-0611,2021-06-14-substitution-motion.pdf
90,Judge Menahan assumes case,1642019870265,1642019870265,1,1,06/17/2021,the court,Swaps in Mike Menahan for Kathy Seeley as presiding judge,1-DV-21-0611,2021-06-17-menahan-assumption.pdf
91,Response to Motion for Preliminary Injunction,1642019870265,1642019870265,1,1,06/21/2021,defendants,,1-DV-21-0611,2021-06-21-response-to-preliminary-injunction-motion.pdf
92,Reply Brief in Support of Motion for Preliminary Injunction,1642019870265,1642019870265,1,1,06/25/2021,plaintiffs,,1-DV-21-0611,2021-06-25-reply-brief-supporting-preliminary-injunction.pdf
93,Show Cause Hearing,1642019870265,1642019870265,1,1,06/29/2021,the court,"Oral arguments before judge, who says he’ll issue a preliminary injunction",1-DV-21-0611,
94,Preliminary Injunction Order,1642019870265,1642019870265,1,1,07/01/2021,the court,Written judicial order preventing law from taking effect while litigation proceeds,1-DV-21-0611,2021-07-01-preliminary-injunction-order.pdf
95,Motion to Dismiss,1642019870265,1642019870265,1,1,08/04/2021,defendants,,1-DV-21-0611,2021-08-04-motion-to-dismiss.pdf
96,Brief for Motion to Dismiss,1642019870265,1642019870265,1,1,08/04/2021,defendants,,1-DV-21-0611,2021-08-04-brief-for-motion-to-dismiss.pdf
97,Brief Opposing Motion to Dismiss,1642019870265,1642019870265,1,1,08/18/2021,plaintiffs,,1-DV-21-0611,2021-08-18-brief-opposing-motion-to-dismiss.pdf
98,Motion for Summary Judgment,1642019870265,1642019870265,1,1,08/18/2021,plaintiffs,,1-DV-21-0611,2021-08-18-motion-for-summary-judgment.pdf
99,Reply Brief Supporting Motion to Dismiss,1642019870265,1642019870265,1,1,09/07/2021,defendants,,1-DV-21-0611,2021-09-07-reply-supporting-motion-to-dismiss.pdf
100,Motion to Stay Motion for Summary Judgment,1642019870265,1642019870265,1,1,09/7/2021,defendants,Asks the court to hold off on ruling on summary judgment motion until after ruling on pending motion to dismiss,1-DV-21-0611,2021-09-07-motion-to-stay-motion-for-summary-judgment.pdf
101,Brief Supporting Motion to Stay Motion for Summary Judgment,1642019870265,1642019870265,1,1,09/7/2021,defendants,,1-DV-21-0611,2021-09-07-brief-for-motion-to-stay-motion-for-summary-judgment.pdf
102,Affidavit of Patrick Risken,1642019870265,1642019870265,1,1,09/7/2021,defendants,,1-DV-21-0611,2021-09-07-affidavit-patrick-risken.pdf
103,Errata Motion,1642019870265,1642019870265,1,1,09/8/2021,defendants,,1-DV-21-0611,2021-09-08-errata-motion.pdf
104,Brief Opposing Motion to Stay Motion for Summary Judgment,1642019870265,1642019870265,1,1,09/13/2021,plaintiffs,Argues the court can rule on motion to dismiss and make summary judgement at the same time,1-DV-21-0611,2021-09-13-brief-opposing-motion-to-stay-motion-for-summary-judgment.pdf
105,Reply Brief Supporting Motion to Stay Motion for Summary Judgment,1642019870265,1642019870265,1,1,09/24/2021,defendants,,1-DV-21-0611,2021-09-24-reply-brief-supporting-motion-to-stay-motion-for-summary-judgment.pdf
106,Order Denying Motion to Dismiss,1642019870265,1642019870265,1,1,10/06/2021,the court,,1-DV-21-0611,2021-10-06-order-denying-motion-to-dismiss.pdf
107,Motion for Protective Order,1642019870265,1642019870265,1,1,10/29/2021,plaintiffs,Asks the court to stay 25 hours of depositions requested by state attorneys,1-DV-21-0611,2021-10-29-motion-for-protective-order.pdf
108,Brief for Motion for Protective Order,1642019870265,1642019870265,1,1,10/29/2021,plaintiffs,,1-DV-21-0611,2021-10-29-brief-for-motion-for-protective-order.pdf
109,Order on Motion to Stay Discovery,1642019870265,1642019870265,1,1,11/10/2021,the court,Orders a pause on discovery until the court rules on the motion for a protective order.,1-DV-21-0611,2021-11-10-order-to-stay-discovery.pdf
110,State’s Answer to Amended Complaint,1642019870265,1642019870265,1,1,11/17/2021,defendants,,1-DV-21-0611,2021-11-17-answer-to-amended-complaint.pdf
111,Brief Opposing Motion for Protective Order,1642019870265,1642019870265,1,1,11/17/2021,defendants,,1-DV-21-0611,2021-11-17-brief-opposing-motion-for-protective-order.pdf
112,Reply Brief Supporting Motion for Protective Order,1642019870265,1642019870265,1,1,12/02/2021,plaintiffs,,1-DV-21-0611,2021-12-02-reply-brief-supporting-motion-for-protective-order.pdf
113,Order Granting Motion for Protective Order,1642019870265,1642019870265,1,1,12/07/2021,the court,,1-DV-21-0611,2021-12-07-order-on-motion-for-protective-order.pdf
114,Complaint,1642019870265,1642019870265,1,1,06/25/2021,plaintiffs,Initial filing that kicks off the lawsuit,1-DV-21-0699,2021-06-25-complaint.pdf
115,Motion for Temporary Restraining Order,1642019870265,1642019870265,1,1,06/30/2021,plaintiffs,Asks judge to keep governor from filling a judicial vacancy in accordance with the appointment law challenged by the lawsuit,1-DV-21-0699,2021-06-30-motion-for-temporary-restraining-order.pdf
116,Brief Supporting Motion for Temporary Restraining Order,1642019870265,1642019870265,1,1,06/30/2021,plaintiffs,,1-DV-21-0699,2021-06-30-brief-for-motion-for-temporary-restraining-order.pdf
117,Response to Motion for Temporary Restraining Order,1642019870265,1642019870265,1,1,06/30/2021,defendant,Argues restraining order request should be denied,1-DV-21-0699,2021-06-30-brief-for-motion-for-temporary-restraining-order.pdf
118,Reply Brief Supporting Motion for Temporary Restraining Order,1642019870265,1642019870265,1,1,07/01/2021,plaintiffs,,1-DV-21-0699,2021-07-01-reply-brief-for-motion-for-temporary-restraining-order.pdf
119,Order,1642019870265,1642019870265,1,1,07/02/2021,the court,Denies request for Temporary Restraining Order,1-DV-21-0699,2021-07-02-order.pdf
120,Notice of Filing Petition for Writ of Supervisory Control,1642019870265,1642019870265,1,1,07/09/2021,plaintiffs,"Indicates plaintiffs have asked the Montana Supreme Court to take over the case (see Winter et al. v. 1st Judicial District, OP-21-0334)",1-DV-21-0699,2021-07-09-notice.pdf
121,Notice of Decision,1642019870265,1642019870265,1,1,07/22/2021,plaintiffs,Indicates the Montana Supreme Court declined to take up the case,1-DV-21-0699,2021-07-22-notice-of-decision.pdf
122,Supreme Court Order,1642019870265,1642019870265,1,1,07/22/2021,plaintiffs,Copy of Supreme Court Order,1-DV-21-0699,2021-07-22-supreme-court-order.pdf
123,Motion to Dismiss,1642019870265,1642019870265,1,1,07/23/2021,defendants,,1-DV-21-0699,2021-07-23-motion-to-dismiss.pdf
124,Brief for Motion to Dismiss,1642019870265,1642019870265,1,1,07/23/2021,defendants,,1-DV-21-0699,2021-07-23-brief-for-motion-to-dismiss.pdf
125,Response Opposing Motion to Dismiss,1642019870265,1642019870265,1,1,08/06/2021,plaintiffs,,1-DV-21-0699,2021-08-06-response-to-motion-to-dismiss.pdf
126,Reply Brief Supporting Motion to Dismiss,1642019870265,1642019870265,1,1,08/23/2021,defendants,,1-DV-21-0699,2021-08-26-reply-supporting-motion-to-dismiss.pdf
127,Dismissal Order,1642019870265,1642019870265,1,1,09/01/2021,the court,"Dismisses the case with prejudice, meaning it cannot be re-filed",1-DV-21-0699,2021-09-01-dismissal-order.pdf
128,Complaint,1642019870265,1642019870265,1,1,05/10/2021,plaintiffs,Initial legal filing to initiate the lawsuit,2-DV-21-0120,2021-05-10-complaint.pdf
129,Motion for Substitution,1642019870265,1642019870265,1,1,07/16/2021,defendants,Requests Kurt Kreuger be replaced with a different judge,2-DV-21-0120,2021-07-16-motion-for-substitution.pdf
130,Objection to Substitution Motion,1642019870265,1642019870265,1,1,07/19/2021,plaintiffs,,2-DV-21-0120,2021-07-19-objection-to-motion-for-substitution.pdf
131,Reply in Support of Substitution Motion,1642019870265,1642019870265,1,1,07/23/2021,defendants,,2-DV-21-0120,2021-07-23-reply-supporting-motion-for-substitution.pdf
132,Order Denying Motion to Substitute Judge,1642019870265,1642019870265,1,1,07/30/2021,the court,Denies motion to replace Judge Krueger on basis that substitution motion was filed too late,2-DV-21-0120,2021-07-30-order-denying-substitution-motion.pdf
133,Notice of Appeal,1642019870265,1642019870265,1,1,08/04/2021,defendants,Indicates the Attorney General’s office has appealed the substitution order denial to the Montana Supreme Court. See case OP-21-0382.,2-DV-21-0120,2021-08-04-notice-of-appeal.pdf
134,Assumption of Jurisdiction,1642019870265,1642019870265,1,1,11/15/2021,the court,Indicates Judge Krueger has been replaced on the case with Judge John C. Brown.,2-DV-21-0120,2021-11-15-assumption-of-jurisdiction.pdf
135,Remittitur,1642019870265,1642019870265,1,1,12/01/2021,Montana Supreme Court,Indicates the lower court’s July 30 order has been reversed.,2-DV-21-0120,2021-12-01-remittitur.pdf
136,Motion for Summary Judgment,1642019870265,1642019870265,1,1,12/10/2021,defendants,,2-DV-21-0120,2021-12-10-motion-for-summary-judgment.pdf
137,Brief for Motion for Summary Judgment,1642019870265,1642019870265,1,1,12/10/2021,defendants,,2-DV-21-0120,2021-12-10-brief-for-motion-for-summary-judgment.pdf
138,Brief for Motion for Summary Judgment,1642019870265,1642019870265,1,1,12/10/2021,defendants,,2-DV-21-0120,2021-12-10-brief-for-motion-for-summary-judgment.pdf
139,Reply Brief,1642019870265,1642019870265,1,1,12/15/2021,plaintiffs,,2-DV-21-0120,2021-12-15-reply-brief.pdf
140,Notice of Recusal,1642019870265,1642019870265,1,1,12/23/2021,the court,"Indicates Judge John C. Brown has recused himself from the case, being replaced by Judge Peter Ohman.",2-DV-21-0120,2021-12-23-notice-of-recusal.pdf
141,Complaint,1642019870265,1642019870265,1,1,09/22/2021,plaintiffs,Initial legal filing to initiate the lawsuit,8-DV-21-0500,2021-09-22-complaint.pdf
142,Complaint,1642019870265,1642019870265,1,1,04/20/2021,plaintiffs,Initial legal filing to initiate the lawsuit,13-DV-21-0451,2021-04-20-complaint.pdf
143,Amended Complaint,1642019870265,1642019870265,1,1,05/14/2021,plaintiffs,"Adds mail ballot collection law, HB 530, to list of bills challenged",13-DV-21-0451,2021-05-14-amended-complaint.pdf
144,"Motion to Dismiss Counts I, II and III",1642019870265,1642019870265,1,1,06/02/2021,defendant,Pushes to dismiss some of plaintiffs’ specific legal arguments,13-DV-21-0451,2021-06-02-partial-motion-to-dismiss.pdf
145,Motion to Consolidate,1642019870265,1642019870265,1,1,06/24/2021,plaintiffs,"Asks judge to consolidate 13-DV-21-0451, Western Native Voice et al. v. C. Jacobsen, into this case.",13-DV-21-0451,2021-06-24-motion-to-consolidate.pdf
146,Brief in Support of Motion to Consolidate,1642019870265,1642019870265,1,1,06/24/2021,plaintiffs,,13-DV-21-0451,2021-06-24-brief-for-motion-to-consolidate.pdf
147,Brief in Opposition to Motion to Dismiss,1642019870265,1642019870265,1,1,06/28/2021,plaintiffs,,13-DV-21-0451,2021-06-28-brief-against-motion-to-dismiss.pdf
148,Response to Motion for Consolidation,1642019870265,1642019870265,1,1,07/12/2021,defendants,Resists consolidation effort while motion to dismiss is pending,13-DV-21-0451,2021-07-12-response-to-motion-to-consolidate.pdf
149,Reply Brief in Support of Motion to Consolidate,1642019870265,1642019870265,1,1,07/26/2021,plaintiffs,,13-DV-21-0451,2021-07-26-reply-brief-for-motion-to-consolidate.pdf
150,Reply Brief Supporting Motion to Dismiss,1642019870265,1642019870265,1,1,07/26/2021,defendants,,13-DV-21-0451,2021-07-26-reply-brief-for-motion-to-dismiss.pdf
151,Motion for Protective Order,1642019870265,1642019870265,1,1,08/13/2021,defendants,Asks the court to stay plaintiffs’ discovery requests until it rules on the pending motion to dismiss,13-DV-21-0451,2021-08-13-motion-for-protective-order.pdf
152,Brief in Support of Motion for Protective Order,1642019870265,1642019870265,1,1,08/13/2021,defendants,,13-DV-21-0451,2021-08-13-brief-for-motion-for-protective-order.pdf
153,Response Opposing Motion for Protective Order,1642019870265,1642019870265,1,1,08/20/2021,plaintiffs,,13-DV-21-0451,2021-08-20-brief-opposing-protective-order.pdf
154,Reply Brief in Support of Motion for Protective Order,1642019870265,1642019870265,1,1,09/07/2021,defendants,,13-DV-21-0451,2021-09-07-reply-brief-supporting-protective-order.pdf
155,Motion for Consolidation,1642019870265,1642019870265,1,1,11/09/2021,plaintiffs,"Asks the court to merge 13-DV-21-1097, Montana Youth Action et al. v. C. Jacobsen, into this case.",13-DV-21-0451,2021-11-09-motion-for-consolidation.pdf
156,Brief for Motion for Consolidation,1642019870265,1642019870265,1,1,11/09/2021,plaintiffs,,13-DV-21-0451,2021-11-09-brief-for-motion-for-consolidation.pdf
157,Order on Motion to Dismiss,1642019870265,1642019870265,1,1,11/10/2021,the court,Denies the state’s motions to throw out the case.,13-DV-21-0451,2021-11-10-order-re-motion-to-dismiss.pdf
158,Answer,1642019870265,1642019870265,1,1,11/24/2021,defendants,,13-DV-21-0451,2021-11-24-answer.pdf
159,Response Opposing Motion to Consolidate,1642019870265,1642019870265,1,1,11/24/2021,defendants,,13-DV-21-0451,2021-11-24-response-opposing-motion-to-consolidate.pdf
160,Reply Brief Supporting Motion to Consolidate,1642019870265,1642019870265,1,1,11/29/2021,plaintiffs,,13-DV-21-0451,2021-11-29-reply-brief-supporting-to-consolidate.pdf
161,Order Granting Motion to Consolidate,1642019870265,1642019870265,1,1,12/10/2021,the court,Merges case 13-DV-21-0560 into this case.,13-DV-21-0451,2021-12-10-order-granting-consolidation.pdf
162,Order Granting Motion to Consolidate,1642019870265,1642019870265,1,1,12/13/2021,the court,Merges case 13-DV-21-1097 into this case.,13-DV-21-0451,
163,Complaint,1642019870265,1642019870265,1,1,05/17/2021,plaintiffs,Initial filing that kicks off the lawsuit,13-DV-21-0560,2021-05-17-complaint.pdf
164,Motion to Consolidate,1642019870265,1642019870265,1,1,06/24/2021,plaintiffs,"Asks judge to consolidate this case into 13-DV-21-0451, Montana Democratic Party v. C. Jacobsen.",13-DV-21-0560,2021-06-24-motion-to-consolidate.pdf
165,Brief in Support of Motion to Consolidate,1642019870265,1642019870265,1,1,06/24/2021,plaintiffs,,13-DV-21-0560,2021-06-24-brief-for-motion-to-consolidate.pdf
166,Motion for Substitution of Judge,1642019870265,1642019870265,1,1,06/22/2021,defendants,,13-DV-21-0560,
167,Motion for Substitution of Judge,1642019870265,1642019870265,1,1,06/30/2021,plaintiffs,Asks for the case to be reassigned away from Judge Ashley Harada,13-DV-21-0560,2021-06-30-motion-for-substitution.pdf
168,Notice of Judge Substitution,1642019870265,1642019870265,1,1,06/30/2021,the court,Reassigns case from Judge Ashley Harada to Judge Gregory Todd,13-DV-21-0560,2021-06-30-substitution-notice.pdf
169,Response to Motion for Consolidation,1642019870265,1642019870265,1,1,07/12/2021,defendants,Resists consolidation for the time being,13-DV-21-0560,2021-07-12-response-to-motion-for-consolidation.pdf
170,Motion for Substitution of Judge,1642019870265,1642019870265,1,1,07/22/2021,defendants,Asks for the case to be reassigned away from Judge Gregory Todd,13-DV-21-0560,2021-07-22-motion-for-substitution.pdf
171,Notice of Judge Substitution,1642019870265,1642019870265,1,1,07/22/2021,the court,Reassigns case from Judge Gregory Todd to Judge Donald Harris,13-DV-21-0560,2021-07-22-substitution-notice.pdf
172,Reply Brief Supporting Motion for Consolidation,1642019870265,1642019870265,1,1,07/26/2021,plaintiffs,,13-DV-21-0560,2021-07-26-reply-for-motion-to-consolidate.pdf
173,Answer to Complaint,1642019870265,1642019870265,1,1,08/05/2021,plaintiffs,,13-DV-21-0560,2021-08-05-answer.pdf
174,Order Granting Motion to Consolidate,1642019870265,1642019870265,1,1,12/10/2021,the court,Merges this case with 13-DV-21-0451.,13-DV-21-0560,2021-12-10-order-granting-consolidation.pdf
175,Complaint,1642019870265,1642019870265,1,1,07/16/2021,plaintiffs,Initial legal filing to initiate the lawsuit,13-DV-21-0873,2021-07-16-complaint.pdf
176,Motion for Preliminary Injunction,1642019870265,1642019870265,1,1,07/19/2021,plaintiffs,Asks judge to keep the law from taking effect while litigation proceeds,13-DV-21-0873,2021-07-19-motion-for-preliminary-injunction.pdf
177,Brief for Motion for Preliminary Injunction,1642019870265,1642019870265,1,1,07/19/2021,plaintiffs,,13-DV-21-0873,2021-07-19-brief-supporting-motion-for-preliminary-injunction.pdf
178,Affidavit of Amelia Marquez,1642019870265,1642019870265,1,1,07/21/2021,plaintiffs,Written testimony supporting the request for preliminary injunction,13-DV-21-0873,2021-07-21-amelia-marquez-affidavit.pdf
179,Affidavit of John Doe,1642019870265,1642019870265,1,1,07/21/2021,plaintiffs,Written testimony supporting the request for preliminary injunction,13-DV-21-0873,2021-07-21-john-doe-affidavit.pdf
180,Affidavit of Akilah Lane,1642019870265,1642019870265,1,1,07/21/2021,plaintiffs,"Written testimony for the preliminary injunction request from an ACLU Attorney, who used it to enter the World Professional Association for Transgender Health’s Standards of Care manual into evidence",13-DV-21-0873,2021-07-21-akilah-lane-affidavit.pdf
181,Motion for Protective Order,1642019870265,1642019870265,1,1,07/30/2021,plaintiffs,Asks the court permission for unnamed plaintiff John Doe to continue participating in the lawsuit without disclosing his real name,13-DV-21-0873,2021-07-30-motion-for-john-doe-protective-order.pdf
182,Brief Supporting Motion for Protective Order,1642019870265,1642019870265,1,1,07/30/2021,plaintiffs,,13-DV-21-0873,2021-07-30-brief-for-motion-for-john-doe-protective-order.pdf
183,Affidavit Supporting Protective Order Motion,1642019870265,1642019870265,1,1,07/30/2021,plaintiffs,,13-DV-21-0873,2021-07-30-john-doe-affidavit-for-protective-order.pdf
184,Expert Declaration of Dr. Randi C. Ettner,1642019870265,1642019870265,1,1,07/30/2021,plaintiffs,,13-DV-21-0873,2021-07-30-randi-ettner-expert-declaration.pdf
185,Response to Motion for Protective Order,1642019870265,1642019870265,1,1,08/06/2021,defendants,Indicates the Attorney General’s office isn’t opposed to allowing plaintiff Doe to use a pseudonym.,13-DV-21-0873,2021-08-06-response-to-protective-order-motion.pdf
186,Motion to Dismiss,1642019870265,1642019870265,1,1,08/18/2021,defendants,,13-DV-21-0873,2021-08-18-motion-to-dismiss.pdf
187,Brief Supporting Motion to Dismiss,1642019870265,1642019870265,1,1,08/18/2021,defendants,Argues for dismissing the case and pushes back on the preliminary injunction request,13-DV-21-0873,2021-08-18-brief-for-motion-to-dismiss.pdf
188,Stipulated Order for Protective Order,1642019870265,1642019870265,1,1,08/19/2021,the court,Allows John Doe to continue using a pseudonym as the case continues and order parties to avoid disclosing his identity.,13-DV-21-0873,2021-08-19-protective-order-order.pdf
189,Brief Opposing Motion to Dismiss,1642019870265,1642019870265,1,1,09/23/2021,plaintiffs,,13-DV-21-0873,2021-09-23-brief-against-motion-to-dismiss.pdf
190,Reply Brief Supporting Motion for Preliminary Injunction,1642019870265,1642019870265,1,1,09/23/2021,plaintiffs,,13-DV-21-0873,2021-09-23-brief-for-preliminary-injunction.pdf
191,Reply Brief Supporting Motion to Dismiss,1642019870265,1642019870265,1,1,10/28/2021,defendants,,13-DV-21-0873,2021-10-28-reply-brief-supporting-motion-to-dismiss.pdf
192,Unopposed Motion for Leave to File Amended Complaint,1642019870265,1642019870265,1,1,12/03/2021,plaintiffs,,13-DV-21-0873,2021-12-03-unopposed-motion-to-amend-complaint.pdf
193,Brief for Motion for Leave to File Amended Complaint,1642019870265,1642019870265,1,1,12/03/2021,plaintiffs,,13-DV-21-0873,2021-12-03-brief-for-motion-to-amend-complaint.pdf
194,Order Granting Leave to File Amended Complaint,1642019870265,1642019870265,1,1,12/03/2021,the court,,13-DV-21-0873,2021-12-03-order-granting-leave-for-amend-complaint.pdf
195,Amended Complaint,1642019870265,1642019870265,1,1,12/03/2021,plaintiffs,,13-DV-21-0873,2021-12-03-amended-complaint.pdf
196,Complaint,1642019870265,1642019870265,1,1,08/16/2021,plaintiffs,Initial filing that initiates the lawsuit and asks the court to keep the laws from taking effect while the litigation proceeds,13-DV-21-0999,2021-08-16-complaint.pdf
197,Brief for Motion for Preliminary Injunction,1642019870265,1642019870265,1,1,08/16/2021,plaintiffs,,13-DV-21-0999,2021-08-16-brief-for-preliminary-injunction.pdf
198,Affidavit of Colleen McNicholas,1642019870265,1642019870265,1,1,08/16/2021,plaintiffs,Sworn statement from a Missouri-based OB/GYN,13-DV-21-0999,2021-08-16-affidavit-colleen-mcnicholas.pdf
199,Affidavit of Joey Banks,1642019870265,1642019870265,1,1,08/16/2021,plaintiffs,Sworn statement from Planned Parenthood of Montana’s laboratory director,13-DV-21-0999,2021-08-16-affidavit-joey-banks.pdf
200,Affidavit of Martha Stahl,1642019870265,1642019870265,1,1,08/16/2021,plaintiffs,Sworn statement from Planned Parenthood of Montana’s president and CEO.,13-DV-21-0999,2021-08-16-affidavit-martha-stahl.pdf
201,Disqualification Order,1642019870265,1642019870265,1,1,08/19/2021,the court,Order from Judge Jessica Fehr deeming herself disqualified to preside over the case,13-DV-21-0999,2021-08-19-disqualification-order.pdf
202,Substitution Notice,1642019870265,1642019870265,1,1,08/23/2021,the court,Indicates Fehr has been replaced with Judge Donald Harris,13-DV-21-0999,2021-08-23-substitution-notice.pdf
203,Motion to Substitute Judge,1642019870265,1642019870265,1,1,08/30/2021,defendant,Requests a substitution for Judge Donald Harris,13-DV-21-0999,2021-08-30-substitution-motion.pdf
204,Substitution Notice,1642019870265,1642019870265,1,1,08/30/2021,defendant,Indicates Harris has been replaced with Judge Gregory Todd,13-DV-21-0999,2021-08-30-substitution-notice.pdf
205,Brief Opposing Motion for Preliminary Injunction,1642019870265,1642019870265,1,1,09/07/2021,defendant,,13-DV-21-0999,2021-09-07-brief-against-motion-for-preliminary-injunction.pdf
206,Declaration of Todd Koch,1642019870265,1642019870265,1,1,09/07/2021,defendant,,13-DV-21-0999,2021-09-07-declaration-todd-koch.pdf
207,Declaration of Todd Harwell,1642019870265,1642019870265,1,1,09/07/2021,defendant,,13-DV-21-0999,2021-09-07-declaration-todd-harwell.pdf
208,Declaration of Robin Pierucci,1642019870265,1642019870265,1,1,09/07/2021,defendant,,13-DV-21-0999,2021-09-07-declaration-robin-pierucci.pdf
209,Declaration of Ingrid Skop,1642019870265,1642019870265,1,1,09/07/2021,defendant,,13-DV-21-0999,2021-09-07-declaration-ingrid-skop.pdf
210,Declaration of Patrick Risken,1642019870265,1642019870265,1,1,09/07/2021,defendant,,13-DV-21-0999,2021-09-07-declaration-patrick-risken.pdf
211,Declaration of George Mulcaire-Jones,1642019870265,1642019870265,1,1,09/07/2021,defendant,,13-DV-21-0999,2021-09-07-declaration-george-mulcaire-jones.pdf
212,Reply Motion for Preliminary Injunction,1642019870265,1642019870265,1,1,09/17/2021,plaintiffs,,13-DV-21-0999,2021-09-17-reply-motion-for-preliminary-injunction.pdf
213,Declaration of Colleen McNicholas,1642019870265,1642019870265,1,1,09/17/2021,defendant,,13-DV-21-0999,2021-09-17-declaration-colleen-mcnicholas.pdf
214,Declaration of Joey Banks,1642019870265,1642019870265,1,1,09/17/2021,defendant,,13-DV-21-0999,2021-09-17-declaration-joey-banks.pdf
215,Declaration of Steven Ralston,1642019870265,1642019870265,1,1,09/17/2021,defendant,,13-DV-21-0999,2021-09-17-declaration-steven-ralston.pdf
216,Hearing Minutes,1642019870265,1642019870265,1,1,09/23/2021,the court,Oral Arguments on whether the court should issue a preliminary injunction keeping the challenged laws from taking effect while litigation proceeds,13-DV-21-0999,2021-09-23-oral-argument-minute-entry.pdf
217,Rebuttal Declaration of George Mulcaire-Jones,1642019870265,1642019870265,1,1,09/28/2021,defendants,,13-DV-21-0999,
218,Rebuttal Declaration of Robin Pierucci,1642019870265,1642019870265,1,1,09/28/2021,defendants,,13-DV-21-0999,2021-09-28-rebuttal-declaration-robin-pierucci.pdf
219,Motion to Disqualify Judge,1642019870265,1642019870265,1,1,09/29/2021,defendants,"Asks the judge to declare himself disqualified in the case based on comments made during the Sept. 23 hearing. This motion triggered an emergency appeal by plaintiffs to the Montana Supreme Court, Planned Parenthood et al. v 13th Judicial District, or OP-21-0494.",13-DV-21-0999,2021-09-29-motion-to-disqualify-judge.pdf
220,Brief for Motion to Disqualify Judge,1642019870265,1642019870265,1,1,09/29/2021,defendants,,13-DV-21-0999,2021-09-29-brief-for-motion-to-disqualify-judge.pdf
221,Order of Disqualification,1642019870265,1642019870265,1,1,09/30/2021,the court,Notice that Judge Todd has declared himself disqualified to preside over the case.,13-DV-21-0999,2021-09-30-order-of-disqualification.pdf
222,Notice of Judicial Substitution,1642019870265,1642019870265,1,1,09/30/2021,the court,Indicates Judge Michael G. Moses will take over the case.,13-DV-21-0999,
223,Motion for Temporary Restraining Order,1642019870265,1642019870265,1,1,09/30/2021,plaintiffs,,13-DV-21-0999,2021-09-30-motion-for-temporary-restraining-order.pdf
224,Brief for Motion for Temporary Restraining Order,1642019870265,1642019870265,1,1,09/30/2021,plaintiffs,,13-DV-21-0999,2021-09-30-brief-for-motion-for-temporary-restraining-order.pdf
225,Temporary Restraining Order,1642019870265,1642019870265,1,1,09/30/2021,the court,Keeps laws from taking effect for 10 days to give the new judge time to review the arguments for and against a longer-term preliminary injunction.,13-DV-21-0999,2021-09-30-temporary-restraining-order.pdf
226,Order granting Preliminary Injunction,1642019870265,1642019870265,1,1,10/07/2021,the court,Keeps laws from taking effect while litigation proceeds.,13-DV-21-0999,2021-10-07-preliminary-injunction-order.pdf
227,Notice of Appeal to Supreme Court,1642019870265,1642019870265,1,1,10/19/2021,defendants,Indicates the state is appealing the Oct. 7 preliminary injunction order to the Montana Supreme Court in case DA-21-0521.,13-DV-21-0999,2021-10-19-notice-of-appeal.pdf
228,Motion to Stay Proceedings,1642019870265,1642019870265,1,1,10/19/2021,defendants,,13-DV-21-0999,2021-10-19-motion-to-stay-proceedings.pdf
229,Brief for Motion to Stay Proceedings,1642019870265,1642019870265,1,1,10/19/2021,defendants,,13-DV-21-0999,2021-10-19-brief-for-motion-to-stay-proceedings.pdf
230,Opposition to Motion to Stay Proceedings,1642019870265,1642019870265,1,1,10/22/2021,plaintiffs,,13-DV-21-0999,2021-10-22-opposition-to-motion-to-stay-proceedings.pdf
231,Reply Brief Supporting Motion to Stay,1642019870265,1642019870265,1,1,11/08/2021,defendants,,13-DV-21-0999,2021-11-08-reply-brief-supporting-motion-to-stay.pdf
232,Order Denying Motion to Stay,1642019870265,1642019870265,1,1,11/23/2021,the court,,13-DV-21-0999,2021-11-23-order-denying-motion-to-stay.pdf
233,Answer,1642019870265,1642019870265,1,1,12/14/2021,defendants,,13-DV-21-0999,
234,Complaint,1642019870265,1642019870265,1,1,09/09/2021,plaintiffs,Initial filing that initiates the lawsuit,13-DV-21-1097,2021-09-09-complaint.pdf
235,Substitution Motion,1642019870265,1642019870265,1,1,09/10/2021,plaintiffs,Requests presiding Judge Ashley Harada be replaced with another judge,13-DV-21-1097,2021-09-10-motion-to-substitute-judge.pdf
236,Notice of Substitution,1642019870265,1642019870265,1,1,09/10/2021,the court,Indicates Harada has been replaced with Judge Donald Harris,13-DV-21-1097,2021-09-10-notice-of-substitution.pdf
237,Substitution Motion,1642019870265,1642019870265,1,1,09/30/2021,defendants,Requests presiding Judge Donald Harris be replaced with another judge,13-DV-21-1097,2021-09-30-motion-for-substitute-judge.pdf
238,Notice of Substitution,1642019870265,1642019870265,1,1,09/30/2021,the court,Indicates Harris has been replaced with Judge Donald Harris,13-DV-21-1097,2021-09-30-notice-of-judicial-substitution.pdf
239,Motion for Consolidation,1642019870265,1642019870265,1,1,11/09/2021,plaintiffs,"Asks the court to merge this case with 13-DV-21-0451, Montana Democratic Party v. C. Jacobsen.",13-DV-21-1097,2021-11-09-motion-for-consolidation.pdf
240,Brief for Motion for Consolidation,1642019870265,1642019870265,1,1,11/09/2021,plaintiffs,,13-DV-21-1097,
241,Answer,1642019870265,1642019870265,1,1,11/12/2021,defendants,,13-DV-21-1097,2021-11-12-answer.pdf
242,Brief Opposing Motion to Consolidate,1642019870265,1642019870265,1,1,11/24/2021,defendants,,13-DV-21-1097,2021-11-24-response-opposing-motion-to-consolidate.pdf
243,Reply Brief Supporting Motion to Consolidate,1642019870265,1642019870265,1,1,11/29/2021,plaintiffs,,13-DV-21-1097,2021-11-29-reply-brief-for-motion-to-consolidate.pdf
244,Order Granting Consolidation,1642019870265,1642019870265,1,1,12/13/2021,the court,Merges this case into 13-DC-21-0451,13-DV-21-1097,
245,Complaint,1642019870265,1642019870265,1,1,06/03/2021,plaintiffs,Initiates the case,18-DV-21-0581,2021-06-03-complaint.pdf
246,Motion to Dismiss,1642019870265,1642019870265,1,1,07/16/2021,defendants,,18-DV-21-0581,2021-07-16-motion-to-dismiss.pdf
247,Brief for Motion to Dismiss,1642019870265,1642019870265,1,1,07/16/2021,defendants,,18-DV-21-0581,2021-07-16-brief-for-motion-to-dismiss.pdf
248,Brief Opposing Motion to Dismiss,1642019870265,1642019870265,1,1,08/23/2021,plaintiffs,,18-DV-21-0581,2021-08-23-brief-opposing-motion-to-dismiss.pdf
249,Reply Brief Supporting Motion to Dismiss,1642019870265,1642019870265,1,1,09/30/2021,defendants,,18-DV-21-0581,2021-09-30-reply-brief-for-motion-to-dismiss.pdf
250,Notice of Supplemental Authority,1642019870265,1642019870265,1,1,12/01/2021,plaintiffs,"Points to ruling in favor of Board of Regents in 1-DV-21-598, saying it bolsters plaintiffs’ case in this litigation.",18-DV-21-0581,2021-12-01-notice-of-supplemental-authority.pdf
251,Complaint,1642019870265,1642019870265,1,1,06/03/2021,plaintiffs,Initiates the case,7-DV-21-0089,2021-10-05-complaint.pdf
252,First Amended Complaint,1642019870265,1642019870265,1,1,10/26/2021,,,7-DV-21-0089,2021-10-26-amended-complaint.pdf
253,Motion for Preliminary Injunction,1642019870265,1642019870265,1,1,10/26/2021,,,7-DV-21-0089,2021-10-26-motion-for-preliminary-injunction.pdf
254,Brief for Motion for Preliminary Injunction,1642019870265,1642019870265,1,1,10/26/2021,,,7-DV-21-0089,2021-10-26-brief-for-motion-for-preliminary-injunction.pdf
255,Affidavit of Donald L. Netzer,1642019870265,1642019870265,1,1,10/26/2021,,,7-DV-21-0089,2021-10-26-affidavit-donald-netzer.pdf
256,Order Calling in Judge,1642019870265,1642019870265,1,1,11/04/2021,the court,Indicates Judge Olivia Rieger has assumed jurisdiction over the case.,7-DV-21-0089,2021-11-04-order-calling-in-judge.pdf
257,Motion to Dismiss,1642019870265,1642019870265,1,1,11/15/2021,defendants,,7-DV-21-0089,2021-11-15-motion-to-dismiss.pdf
258,Brief for Motion to Dismiss and Opposing Motion for Preliminary Injunction,1642019870265,1642019870265,1,1,11/15/2021,defendants,,7-DV-21-0089,2021-11-15-brief-for-motion-to-dismiss.pdf
259,Declaration of Jayanta Bhattacharya,1642019870265,1642019870265,1,1,11/15/2021,defendants,Statement from medical professor supporting the state’s position on vaccine mandates,7-DV-21-0089,2021-11-15-declaration-of-jayanta-bhattacharya.pdf
260,Notice of Supplemental Authority,1642019870265,1642019870265,1,1,12/02/2021,defendants,Cites federal court ruling that temporarily blocked enforcement of a federal vaccine mandate for Medicare and Medicaid healthcare providers.,7-DV-21-0089,2021-12-02-notice-of-supplemental-authority.pdf
261,Reply Brief Supporting Motion for Preliminary Injunction,1642019870265,1642019870265,1,1,12/02/2021,plaintiffs,,7-DV-21-0089,2021-12-02-reply-brief-supporting-preliminary-injunction.pdf
262,Motion for Summary Judgment,1642019870265,1642019870265,1,1,12/02/2021,plaintiffs,,7-DV-21-0089,2021-12-02-motion-for-summary-judgment.pdf
263,Supplemental Affidavit of Donald L. Netzer,1642019870265,1642019870265,1,1,12/02/2021,plaintiffs,,7-DV-21-0089,2021-12-02-supplemental-affidavit-of-donald-netzer.pdf
264,Response to Notice of Supplemental Authority,1642019870265,1642019870265,1,1,12/13/2021,plaintiffs,,7-DV-21-0089,2021-12-13-response-to-notice-of-supplemental-authority.pdf
265,Complaint,1642019870265,1642019870265,1,1,05/04/2021,plaintiffs,Initial filing challenging SB 265,1-21-cv-00047,2021-05-04-complaint.pdf
266,Amended Complaint,1642019870265,1642019870265,1,1,5/19/2021,plaintiffs,Adds SB 266 challenge to the lawsuit,1-21-cv-00047,2021-05-19-amended-complaint.pdf
267,Motion for Preliminary Injunction,1642019870265,1642019870265,1,1,05/27/2021,plaintiffs,Asks judge to keep Attorney General Austin Knudsen from enforcing SB 266,1-21-cv-00047,2021-05-27-motion-for-preliminary-injunction.pdf
268,Brief Supporting Motion for Preliminary Injunction,1642019870265,1642019870265,1,1,05/27/21,plaintiffs,Detailed argument supporting preliminary injunction request,1-21-cv-00047,2021-05-27-brief-supporting-motion-for-preliminary-injunction.pdf
269,Answer to Amended Complaint,1642019870265,1642019870265,1,1,06/02/2021,NorthWestern,NorthWestern's formal response to the issues raised in the complaint,1-21-cv-00047,2021-06-02-northwestern-response.pdf
270,Motion to Consolidate,1642019870265,1642019870265,1,1,06/03/2021,plaintiffs,,1-21-cv-00047,2021-06-03-motion-to-consolidate.pdf
271,Brief Supporting Motion to Consolidate,1642019870265,1642019870265,1,1,06/03/2021,plaintiffs,Fuller legal arguments on motion,1-21-cv-00047,2021-06-03-brief-re-motion-to-consolidate.pdf
272,Response to Motion to Consolidate Cases,1642019870265,1642019870265,1,1,06/17/2021,NorthWestern,,1-21-cv-00047,2021-06-17-response-to-motion-to-consolidate.pdf
273,Notice of Position on Preliminary Injunction,1642019870265,1642019870265,1,1,06/17/2021,Attorney General Austin Knudsen,Says a temporary order barring SB 266 enforcement would have no immediate effect since Colstrip owners have an operating budget in place for 2021 and don’t plan to immediately close the plant.,1-21-cv-00047,2021-06-17-notice-of-position.pdf
274,Answer to Amended Complaint,1642019870265,1642019870265,1,1,06/17/2021,Talen Montana,Talen’s formal response to the issues raised in the complaint,1-21-cv-00047,2021-06-17-talen-answer.pdf
275,Response to Motion for Preliminary Injunction,1642019870265,1642019870265,1,1,06/17/2021,Talen Montana,Arguments opposing request to prevent SB 266 enforcement,1-21-cv-00047,2021-06-17-talen-opposition-to-preliminary-injunction.pdf
276,Response to Motion for Preliminary Injunction,1642019870265,1642019870265,1,1,06/17/2021,NorthWestern,Asks the judge to require Colstrip owners to enter arbitration proceedings,1-21-cv-00047,2021-06-17-northwestern-response-to-preliminary-injunction.pdf
277,Answer to Amended Complaint,1642019870265,1642019870265,1,1,06/22/2021,Attorney General Austin Knudsen,Montana’s formal response to the complaint; asks for the case to be dismissed,1-21-cv-00047,2021-06-22-ag-answer.pdf
278,Reply Brief Supporting Motion to Consolidate,1642019870265,1642019870265,1,1,07/01/2021,plaintiffs,,1-21-cv-00047,2021-07-01-pge-et-al-reply-for-motion-to-consolidate.pdf
279,Reply Brief Supporting Motion for Preliminary Injunction,1642019870265,1642019870265,1,1,07/01/2021,plaintiffs,,1-21-cv-00047,2021-07-01-plaintiffs-reply-brief-for-preliminary-injunction.pdf
280,Motion Hearing,1642019870265,1642019870265,1,1,08/06/2021,the court,"Oral arguments over preliminary injunction motion, with no immediate ruling from judge",1-21-cv-00047,2021-08-06-hearing-minute-entry.pdf
281,Motion for Partial Summary Judgment,1642019870265,1642019870265,1,1,08/17/2021,plaintiffs,,1-21-cv-00047,2021-08-17-motion-for-partial-summary-judgement.pdf
282,Brief for Motion for Partial Summary Judgment,1642019870265,1642019870265,1,1,08/17/2021,plaintiffs,,1-21-cv-00047,2021-08-17-brief-for-motion-for-partial-summary-judgement.pdf
283,Statement of Undisputed Facts,1642019870265,1642019870265,1,1,08/17/2021,plaintiffs,,1-21-cv-00047,2021-08-17-statement-of-undisputed-facts.pdf
284,Brief Opposing Motion for Partial Summary Judgment,1642019870265,1642019870265,1,1,09/07/2021,Talen Montana,,1-21-cv-00047,2021-09-07-brief-opposing-summary-judgment-motion.pdf
285,Rule 56(d) Declaration of Barry Barnett,1642019870265,1642019870265,1,1,09/07/2021,Talen Montana,Request by an attorney representing Talen to delay summary judgment ruling so more discovery can be conducted,1-21-cv-00047,2021-09-07-rule-56d-declaration-barry-barnett.pdf
286,Statement of Disputed Facts,1642019870265,1642019870265,1,1,09/07/2021,Talen Montana,,1-21-cv-00047,2021-09-07-statement-of-disputed-facts.pdf
287,Response to Statement of Undisputed Facts,1642019870265,1642019870265,1,1,09/15/2021,NorthWestern Energy,,1-21-cv-00047,2021-09-15-statement-of-disputed-facts.pdf
288,Reply Supporting Motion for Partial Summary Judgment,1642019870265,1642019870265,1,1,09/28/2021,plaintiffs,,1-21-cv-00047,2021-09-28-reply-supporting-motion-for-summary-judgment.pdf
289,Order Granting Preliminary Injunction,1642019870265,1642019870265,1,1,10/13/2021,the court,"Bars Montana Attorney General Austin Knudsen from enforcing one of the challenged laws, SB 266, while litigation moves forward.",1-21-cv-00047,2021-10-13-order-granting-preliminary-injunction.pdf
290,Motion for Partial Summary Judgment,1642019870265,1642019870265,1,1,10/29/2021,plaintiffs,,1-21-cv-00047,2021-10-29-motion-for-partial-summary-judgment.pdf
291,Brief for Motion for Partial Summary Judgment,1642019870265,1642019870265,1,1,10/29/2021,plaintiffs,,1-21-cv-00047,2021-10-29-brief-for-motion-for-partial-summary-judgment.pdf
292,Motion for Clarification of Preliminary Injunction,1642019870265,1642019870265,1,1,11/04/2021,plaintiffs,,1-21-cv-00047,2021-11-04-motion-for-clarification-of-preliminary-injunction.pdf
293,Brief for Motion for Clarification of Preliminary Injunction,1642019870265,1642019870265,1,1,11/04/2021,plaintiffs,,1-21-cv-00047,2021-11-04-brief-for-motion-for-clarification-of-preliminary-injunction.pdf
294,Notice of Opposition to Motion for Clarification,1642019870265,1642019870265,1,1,11/18/2021,Talen Montana,,1-21-cv-00047,2021-11-18-brief-opposing-motion-for-clarification.pdf
295,Response to Motion for Clarification,1642019870265,1642019870265,1,1,11/18/2021,Attorney General Austin Knudsen,,1-21-cv-00047,2021-11-18-response-opposing-motion-for-clarification.pdf
296,Motion to Stay,1642019870265,1642019870265,1,1,11/19/2021,Attorney General Austin Knudsen,,1-21-cv-00047,2021-11-19-motion-to-stay.pdf
297,Brief for Motion to Stay,1642019870265,1642019870265,1,1,11/19/2021,Attorney General Austin Knudsen,,1-21-cv-00047,2021-11-19-brief-for-motion-to-stay.pdf
298,Declaration of Aislinn Brown,1642019870265,1642019870265,1,1,11/19/2021,Attorney General Austin Knudsen,Supporting affidavit filed by state attorney,1-21-cv-00047,2021-11-19-declaration-of-aislinn-brown.pdf
299,Reply Brief Supporting Motion for Clarification,1642019870265,1642019870265,1,1,11/24/2021,plaintiffs,,1-21-cv-00047,2021-11-24-reply-supporting-motion-for-clarification.pdf
300,Motion to Compel Arbitration,1642019870265,1642019870265,1,1,12/03/2021,NorthWestern Energy,,1-21-cv-00047,2021-12-03-motion-to-compel-arbitration.pdf
301,Brief Supporting Motion to Compel Arbitration,1642019870265,1642019870265,1,1,12/03/2021,NorthWestern Energy,,1-21-cv-00047,2021-12-03-brief-for-motion-to-compel-arbitration.pdf
302,Affidavit of J David Jackson,1642019870265,1642019870265,1,1,12/03/2021,NorthWestern Energy,,1-21-cv-00047,2021-12-03-declaration-of-j-david-jackson.pdf
303,Affidavit of John K. Tabaracci,1642019870265,1642019870265,1,1,12/03/2021,NorthWestern Energy,,1-21-cv-00047,2021-12-03-declaration-of-john-k-tabaracci.pdf
304,Response to Motion for Partial Summary Judgment,1642019870265,1642019870265,1,1,12/03/2021,NorthWestern Energy,,1-21-cv-00047,2021-12-03-response-to-motion-for-partial-summary-judgment.pdf
305,Response to Statement of Undisputed Fact,1642019870265,1642019870265,1,1,12/03/2021,NorthWestern Energy,,1-21-cv-00047,2021-12-03-response-to-statement-of-undisputed-facts.pdf
306,Response to Motion to Stay,1642019870265,1642019870265,1,1,12/03/2021,NorthWestern Corporation,,1-21-cv-00047,2021-12-03-response-to-motion-to-stay.pdf
307,Response to Motion to Stay,1642019870265,1642019870265,1,1,12/03/2021,plaintiffs,,1-21-cv-00047,2021-12-03-brief-opposing-motion-to-stay.pdf
308,Appendix for Response to Motion to Stay,1642019870265,1642019870265,1,1,12/03/2021,plaintiffs,,1-21-cv-00047,2021-12-03-appendix-for-brief-opposing-motion-to-stay.pdf
309,Response to Motion for Partial Summary Judgment and Partial Support of Motion to Stay,1642019870265,1642019870265,1,1,12/03/2021,Talen Montana,,1-21-cv-00047,2021-12-03-brief-opposing-motion-for-summary-judgment-and-partiall-supporting-motion-to-stay.pdf
310,Reply Brief Supporting Motion to Stay,1642019870265,1642019870265,1,1,12/03/2021,Attorney General Austin Knudsen,,1-21-cv-00047,2021-12-10-reply-brief-supporting-motion-to-stay.pdf
311,Complaint,1642019870265,1642019870265,1,1,09/23/2021,plaintiffs,Initial filing that kicks off the lawsuit,9-21-cv-00108,2021-09-23-complaint.pdf
312,Motion to Dismiss,1642019870265,1642019870265,1,1,10/21/2021,defendants,Asks court to dismiss the lawsuit,9-21-cv-00108,2021-10-21-motion-to-dismiss.pdf
313,Brief for Motion to Dismiss,1642019870265,1642019870265,1,1,10/21/2021,defendants,Supporting arguments for dismissal motion,9-21-cv-00108,2021-10-21-brief-for-motion-to-dismiss.pdf
314,Motion to Intervene and Proposed Complaint,1642019870265,1642019870265,1,1,10/29/2021,Montana Nurses Association,Seeks to add the nurses association to the case as an additional plaintiff and expand the scope of the lawsuit to “all healthcare settings.”,9-21-cv-00108,2021-10-29-motion-to-intervene.pdf
315,Brief for Motion to Intervene,1642019870265,1642019870265,1,1,10/29/2021,Montana Nurses Association,,9-21-cv-00108,2021-10-29-brief-for-motion-to-intervene.pdf
316,Brief Opposing Motion to Dismiss,1642019870265,1642019870265,1,1,11/01/2021,plaintiffs,,9-21-cv-00108,2021-11-01-brief-opposing-motion-to-dismiss.pdf
317,Amended Complaint,1642019870265,1642019870265,1,1,11/01/2021,plaintiffs,,9-21-cv-00108,2021-11-01-first-amended-complaint.pdf
318,Order Denying Motion to Dismiss,1642019870265,1642019870265,1,1,11/02/2021,the court,,9-21-cv-00108,2021-11-02-order-denying-motion-to-dismiss.pdf
319,Second Motion to Dismiss,1642019870265,1642019870265,1,1,11/10/2021,defendants,,9-21-cv-00108,2021-11-10-second-motion-to-dismiss.pdf
320,Brief for Second Motion to Dismiss,1642019870265,1642019870265,1,1,11/10/2021,defendants,,9-21-cv-00108,2021-11-10-brief-for-second-motion-to-dismiss.pdf
321,Brief Opposing Motion to Intervene,1642019870265,1642019870265,1,1,11/12/2021,defendants,,9-21-cv-00108,2021-11-12-brief-opposing-motion-to-intervene.pdf
322,Brief Opposing Second Motion to Dismiss,1642019870265,1642019870265,1,1,11/17/2021,plaintiffs,,9-21-cv-00108,2021-11-17-brief-opposing-second-motion-to-dismiss.pdf
323,Reply Brief Supporting Motion to Intervene,1642019870265,1642019870265,1,1,11/23/2021,Montana Nurses Association,,9-21-cv-00108,2021-11-23-reply-brief-supporting-motion-to-intervene.pdf
324,Reply Brief Supporting Second Motion to Dismiss,1642019870265,1642019870265,1,1,11/24/2021,defendants,,9-21-cv-00108,2021-11-24-reply-brief-supporting-second-motion-to-dismiss.pdf
325,Order Granting Motion to Intervene,1642019870265,1642019870265,1,1,11/30/2021,the court,Grants the Montana Nursing Association’s request to be added to the case.,9-21-cv-00108,2021-11-30-order-granting-motion-to-intervene.pdf
326,Notice of Supplemental Authority,1642019870265,1642019870265,1,1,11/30/2021,defendants,Flags a ruling issued in another case where a federal judge halted a Biden Administration effort to enforce a vaccine mandate for Medicare and Medicaid healthcare providers.,9-21-cv-00108,2021-11-30-notice-of-supplemental-authority.pdf
327,Motion to Dismiss Intervenor’s Complaint,1642019870265,1642019870265,1,1,01/05/2022,defendants,,9-21-cv-00108,2022-01-05-motion-to-dismiss.pdf
328,Brief for Motion to Dismiss Intervenor’s Complaint,1642019870265,1642019870265,1,1,01/05/2022,defendants,,9-21-cv-00108,2022-01-05-brief-for-motion-to-dismiss.pdf
329,Complaint,1642019870265,1642019870265,1,1,10/12/2021,plaintiffs,Initial filing that kicks off the lawsuit,9-21-cv-00119,2021-10-12-complaint.pdf
330,Motion to Dismiss,1642019870265,1642019870265,1,1,11/03/2021,defendants,,9-21-cv-00119,2021-11-03-motion-to-dismiss.pdf
331,Brief for Motion to Dismiss,1642019870265,1642019870265,1,1,11/03/2021,defendants,Argues the lawsuit should be thrown out because the defendants were served a version of the complaint that was unreadable due to poor printing quality.,9-21-cv-00119,2021-11-03-brief-for-motion-to-dismiss.pdf
332,Affidavit of Angie McLaughlin,1642019870265,1642019870265,1,1,11/03/2021,defendants,Filing by Secretary of State Administrative Officer that includes an image of the criticized summons documents as an exhibit.,9-21-cv-00119,2021-11-03-affidavit-angie-mclaughlin.pdf
333,Affidavit of Jeff Mangan,1642019870265,1642019870265,1,1,11/03/2021,defendants,Filing by Montana Commissioner of Political Practices that includes an image of the criticized summons documents as an exhibit.,9-21-cv-00119,2021-11-03-affidavit-jeff-mangan.pdf
334,Affidavit of Rochell Standish,1642019870265,1642019870265,1,1,11/03/2021,defendants,Filing by Montana Department of Justice paralegal that includes an image of the summons documents received by the Attorney General’s office.,9-21-cv-00119,2021-11-03-affidavit-rochell-standish.pdf
335,Order,1642019870265,1642019870265,1,1,11/10/2021,the court,Orders plaintiffs to file an affidavit saying the complaint documents served on defendants were legible.,9-21-cv-00119,2021-11-10-order.pdf
336,Declaration of Peter Michael Meloy,1642019870265,1642019870265,1,1,11/11/2021,plaintiffs,Affidavit by a plaintiffs’ attorney declaring the complaints served on defendants were “complete and entirely legible.”,9-21-cv-00119,2021-11-11-declaration-of-peter-michael-meloy.pdf
337,Answer,1642019870265,1642019870265,1,1,11/19/2021,defendants,,9-21-cv-00119,2021-11-19-answer.pdf
338,Statement of Stipulated Facts,1642019870265,1642019870265,1,1,12/29/2021,plaintiffs,,9-21-cv-00119,2021-12-29-statement-of-stipulated-facts.pdf
339,Preliminary Pretrial Statement,1642019870265,1642019870265,1,1,12/29/2021,plaintiffs,,9-21-cv-00119,2021-12-29-plaintiffs-preliminary-pretrial-statement.pdf
340,Preliminary Pretrial Statement,1642019870265,1642019870265,1,1,12/29/2021,defendants,,9-21-cv-00119,2021-12-29-defendants-preliminary-pretrial-statement.pdf
341,Petition for Writ of Certiorari,1642019870265,1642019870265,1,1,12/06/2021,plaintiff,Asks the U.S. Supreme Court to take up a case after the Montana Supreme Court ruled against the plaintiffs,21-859,2021-12-06-petition-for-writ.pdf
342,Amicus Brief of Gov. Greg Gianforte,1642019870265,1642019870265,1,1,01/10/2022,third-party Gov. Greg Gianforte,Endorses the Legislature’s request that the case be heard before the U.S. Supreme Court,21-859,2022-01-10-gianforte-amicus-brief.pdf
343,Petition and Emergency Request to Quash Legislative Subpoena,1642019870265,1642019870265,1,1,04/12/2021,plaintiff,,OP-21-0173,2021-04-12-petition-for-original-jurisdiction-emergency-request-to-quash-subpoena.pdf
344,Motion to Dismiss,1642019870265,1642019870265,1,1,04/14/2021,defendants,Asks court to throw out the case,OP-21-0173,2021-04-14-motion-to-dismiss.pdf
345,Emergency Motion to Quash Revised Legislative Subpoena,1642019870265,1642019870265,1,1,04/15/2021,plaintiff,,OP-21-0173,2021-04-15-emergency-motion-to-quash-revised-subpoena.pdf
346,Order Quashing Legislative Subpoena,1642019870265,1642019870265,1,1,04/16/2021,the court,Temporarily quashes legislative subpoena while case proceeds,OP-21-0173,2021-04-16-order.pdf
347,Petitioner's Response to Motion to Dismiss,1642019870265,1642019870265,1,1,04/28/2021,plaintiff,,OP-21-0173,2021-04-28-resonse-to-motion-to-dismiss.pdf
348,Response,1642019870265,1642019870265,1,1,04/29/2021,defendant Montana Dept. of Administration,,OP-21-0173,2021-04-29-doa-response.pdf
349,Response,1642019870265,1642019870265,1,1,04/30/2021,defendant Montana Legislature,,OP-21-0173,2021-04-30-legislature-response.pdf
350,Motion to Disqualify Justices,1642019870265,1642019870265,1,1,04/30/2021,defendants,Argues Supreme Court justices have conflicts of interest and shouldn't preside over the case,OP-21-0173,2021-04-30-motion-to-disqualify-justices.pdf
351,Recusal Notice for Justice Jim Rice,1642019870265,1642019870265,1,1,05/05/2021,Chief Justice Mike McGrath,Replaces Rice with District Court Judge Donald L. Harris,OP-21-0173,2021-05-05-justice-rice-recusal.pdf
352,Petitioner's Response to Motion to Disqualify Justices,1642019870265,1642019870265,1,1,05/10/2021,plaintiff,Argues justices can fairly hear the case,OP-21-0173,2021-05-10-mclaughlin-response-to-disqualification-motion.pdf
353,Order Denying Disqualification Motion,1642019870265,1642019870265,1,1,05/12/2021,the court,Denies motion seeking to remove Supreme Court justices from the case,OP-21-0173,2021-05-12-order-denying-recusal.pdf
354,Correction to Opinion,1642019870265,1642019870265,1,1,05/19/2021,the court,Corrected version of prior order,OP-21-0173,2021-05-19-corrected-order.pdf
355,Petition for Rehearing,1642019870265,1642019870265,1,1,05/26/2021,defendants,Asks the Court to reconsider its disqualification denial,OP-21-0173,2021-05-26-petition-for-rehearing.pdf
356,Response to Petition for Rehearing,1642019870265,1642019870265,1,1,06/04/2021,plaintiff,Argues against the reconsideration request,OP-21-0173,2021-06-04-response-to-petition-for-rehearing.pdf
357,Motion to Dismiss,1642019870265,1642019870265,1,1,06/22/2021,defendants,Asks judge to dismiss case because the Legislature has withdrawn the disputed subpoenas,OP-21-0173,2021-06-22-motion-to-dismiss.pdf
358,Response to Motion to Dismiss,1642019870265,1642019870265,1,1,06/24/2021,plaintiff,"Resists motion to dismiss, asks for a court ruling that can guide future legislative subpoenas",OP-21-0173,2021-06-24-response-to-motion-to-dismiss.pdf
359,Order Denying Motion to Dismiss,1642019870265,1642019870265,1,1,06/29/2021,the court,,OP-21-0173,2021-06-29-order-denying-dismissal.pdf
360,Opinion,1642019870265,1642019870265,1,1,07/14/2021,the court,Unanimous ruling that the Legislature exceeded the scope of its power by issuing a broad subpoena for judicial records,OP-21-0173,2021-07-14-opinion.pdf
361,Opinion Synopsis,1642019870265,1642019870265,1,1,07/14/2021,the court,,OP-21-0173,2021-07-14-opinion-synopsis.pdf
362,Petition for Rehearing,1642019870265,1642019870265,1,1,08/11/2021,defendants,Asks the Court to reconsider its ruling,OP-21-0173,2021-08-11-petition-for-rehearing.pdf
363,Response to Petition for Rehearing,1642019870265,1642019870265,1,1,09/01/2021,plaintiffs,,OP-21-0173,2021-09-02-response-to-petition-for-rehearing.pdf
364,Order Denying Petition for Rehearing,1642019870265,1642019870265,1,1,09/07/2021,the court,,OP-21-0173,2021-09-07-order-denying-petition-for-rehearing.pdf
365,Petition for a Writ of Certiorari,1642019870265,1642019870265,1,1,12/07/2021,defendants,Asks the U.S. Supreme Court to take up the case on appeal,OP-21-0173,2021-12-07-petition-for-writ-of-certiorari.pdf
366,Petition and Emergency Request to Quash Legislative Subpoena,1642019870265,1642019870265,1,1,04/19/2021,plaintiff,Asks district court judge to quash legislative subpoena,1-DV-21-0451,2021-04-19-petition.pdf
367,Recusal Notice,1642019870265,1642019870265,1,1,04/19/2021,the court,Substitutes Judge Mike Menahan for Judge Michael McMahon,1-DV-21-0451,2021-04-19-recusal-notice.pdf
368,Injunction Hearing,1642019870265,1642019870265,1,1,05/10/2021,the court,Oral arguments about quashing legislative subpoena,1-DV-21-0451,2021-05-10-oral-argument-transcript.pdf
369,Preliminary Injunction Order,1642019870265,1642019870265,1,1,05/18/2021,the court,Quashed legislative subpoena while case proceeds,1-DV-21-0451,2021-05-18-preliminary-injunction.pdf
370,Motion to Dismiss,1642019870265,1642019870265,1,1,06/23/2021,defendants,Asks for case to be dismissed since Legislature has withdrawn its subpoenas,1-DV-21-0451,2021-06-23-motion-to-dismiss.pdf
371,Response Opposing Motion to Dismiss,1642019870265,1642019870265,1,1,07/01/2021,plaintiff,,1-DV-21-0451,2021-07-01-response-opposing-motion-to-dismiss.pdf
372,Order Denying Motion to Dismiss,1642019870265,1642019870265,1,1,07/06/2021,the court,,1-DV-21-0451,2021-07-06-order-denying-motion-to-dismiss.pdf
373,Motion to Dismiss,1642019870265,1642019870265,1,1,07/21/2021,defendants,,1-DV-21-0451,2021-07-21-motion-to-dismiss.pdf
374,Brief Supporting Motion to Dismiss,1642019870265,1642019870265,1,1,07/21/2021,defendants,,1-DV-21-0451,2021-07-21-brief-for-motion-to-dismiss.pdf
375,Response Opposing Motion to Dismiss,1642019870265,1642019870265,1,1,07/30/2021,plaintiffs,,1-DV-21-0451,2021-07-30-response-opposing-motion-to-dismiss.pdf
376,Brief Supporting Petition for Declaratory Judgment,1642019870265,1642019870265,1,1,07/30/2021,plaintiffs,,1-DV-21-0451,2021-07-30-brief-supporting-petition.pdf
377,Reply in Support of Motion to Dismiss,1642019870265,1642019870265,1,1,08/12/2021,defendants,,1-DV-21-0451,2021-08-12-reply-for-motion-to-dismiss.pdf
378,Dismissal Motion Order,1642019870265,1642019870265,1,1,08/23/2021,the court,Denies the motion to dismiss,1-DV-21-0451,2021-08-23-order-denying-motion-to-dismiss.pdf
379,Brief Opposing Petition for Declaratory Judgment,1642019870265,1642019870265,1,1,09/17/2021,defendants,,1-DV-21-0451,2021-09-17-brief-against-petition-for-declaratory-judgment.pdf
380,Brief Opposing Petition for Declaratory Judgment,1642019870265,1642019870265,1,1,09/17/2021,defendants,,1-DV-21-0451,2021-09-17-brief-against-petition-for-declaratory-judgment.pdf
381,Reply Brief Supporting Petition for Declaratory Judgment,1642019870265,1642019870265,1,1,10/01/2021,plaintiffs,,1-DV-21-0451,2021-10-01-reply-brief-for-petition-for-declaratory-judgment.pdf
382,Order on Declaratory Judgement,1642019870265,1642019870265,1,1,10/06/2021,the court,Grant’s Rice’s request to invalidate past legislative subpoenas but declines to block future subpoenas,1-DV-21-0451,2021-10-06-order-on-declaratory-judgment.pdf
383,Petition,1642019870265,1642019870265,1,1,02/10/2021,plaintiffs,"Initial filing that kicks off the case, asking the court to declare the meeting a violation of the Montana Constitution’s right-to-know clause.",1-DV-21-0124,2021-02-10-petition.pdf
384,Declaration of Mara Silvers,1642019870265,1642019870265,1,1,02/10/2021,plaintiffs,Sworn statement from MTFP reporter Mara Silvers describing the situation that triggered the lawsuit.,1-DV-21-0124,2021-02-10-mara-silvers-declaration.pdf
385,Motion for Judgment on the Pleadings,1642019870265,1642019870265,1,1,04/02/2021,plaintiffs,Asks the judge to rule on the case,1-DV-21-0124,2021-04-02-motion-for-judgment.pdf
386,Brief in Support of Motion for Judgment on the Pleadings,1642019870265,1642019870265,1,1,04/02/2021,plaintiffs,,1-DV-21-0124,2021-04-02-brief-for-motion-for-judgement.pdf
387,Motion to Dismiss,1642019870265,1642019870265,1,1,04/05/2021,defendant,Argues case should be dismissed,1-DV-21-0124,2021-04-05-motion-to-dismiss.pdf
388,Brief in Support of Motion to Dismiss,1642019870265,1642019870265,1,1,04/05/2021,defendant,,1-DV-21-0124,2021-04-05-brief-for-motion-to-dismiss.pdf
389,Brief in Opposition to Motion to Dismiss,1642019870265,1642019870265,1,1,04/14/2021,plaintiffs,,1-DV-21-0124,2021-04-14-brief-against-motion-to-dismiss.pdf
390,Response to Motion for Judgment,1642019870265,1642019870265,1,1,04/19/2021,defendant,,1-DV-21-0124,2021-04-21-response-to-motion-for-judgement.pdf
391,Reply in Support of Motion to Dismiss,1642019870265,1642019870265,1,1,05/05/2021,defendant,,1-DV-21-0124,2021-05-05-reply-in-support-of-motion-to-dismiss.pdf
392,Reply Brief in Support of Motion for Judgment,1642019870265,1642019870265,1,1,05/07/2021,plaintiffs,,1-DV-21-0124,2021-05-07-reply-brief-for-motion-for-judgment.pdf
393,Order,1642019870265,1642019870265,1,1,07/08/2021,the court,Judicial ruling that dismisses the case,1-DV-21-0124,2021-07-08-order.pdf
394,Notice of Appeal,1642019870265,1642019870265,1,1,08/08/2021,plaintiffs,Signals that plaintiffs are appealing the case,OP-21-0392,2021-08-08-notice-of-appeal.pdf
395,Appeal Brief,1642019870265,1642019870265,1,1,10/18/2021,plaintiffs,Arguments justifying appeal,OP-21-0392,2021-10-18-appeal-brief.pdf
396,Answer Brief,1642019870265,1642019870265,1,1,11/17/2021,defendants,,OP-21-0392,2021-11-17-answer-brief.pdf
397,Appellant Reply Brief,1642019870265,1642019870265,1,1,11/23/2021,plaintiffs,,OP-21-0392,2021-11-23-appellant-reply-brief.pdf